DataHora,Pergunta,Resposta,Tempo (s),Precisão A1,Precisão A2,Completude A1,Completude A2,Consistência,Pergunta Reformulada,Resposta Reformulada,Tempo Ref (s)
2025-06-03T19:00:16,Liste os medicamentos analisados que podem ser usados por gestantes segundo as bulas.,"Não foi possível encontrar a resposta no material fornecido.  Embora algumas bulas mencionem o uso na gravidez (Dexametasona, Deste, Losartana, Captopril), nenhuma delas afirma explicitamente que o medicamento *pode* ser usado por gestantes.  A maioria indica que o uso deve ser feito apenas com orientação médica ou é contraindicado em determinadas fases da gravidez.",3.28,,,,,65.86102719033232,Cite os medicamentos que podem ser utilizados por mulheres grávidas conforme as bulas.,"Não foi possível encontrar a resposta no material fornecido.  Todas as bulas citadas indicam que os medicamentos não devem ser usados por mulheres grávidas sem orientação médica, ou apresentam restrições ao uso na gravidez.",1.74
2025-06-03T19:00:33,Liste os medicamentos que apresentam sonolência como efeito colateral nas bulas.,"Os seguintes medicamentos apresentam sonolência como efeito colateral, conforme as bulas fornecidas:

* **Teste:** ""Os pacientes que apresentarem sonolência podem se beneficiar de uma mudança na administração..."" (bula_1747686513651.pdf)
* **Cetoprofeno:** ""A maioria dos sintomas observados foram benignos e limitados à letargia, sonolência, náusea, vômito e dor epigástrica..."" (bula_1747686539148.pdf)  e ""Os pacientes devem ser advertidos sobre o risco de ocorrência de sonolência..."" (bula_1747686539148.pdf)
* **Loratadina:** ""foi observado um aumento da incidência de sonolência relacionado com a dose."" (bula_1747686464101.pdf)
* **Clonazepam:** ""Efeitos colaterais aumentados como sedação e depressão cardiorrespiratória podem ocorrer também quando clonazepam é coadministrado com qualquer agente depressor de ação central, incluindo álcool."" (bula_1747686400890.pdf)  e ""A administração de uma dose, antes de o paciente se deitar, além de reduzir a inconveniência da sonolência, pode ser desejável especialmente durante o início do tratamento."" (bula_1747686400890.pdf)
* **Metformina:** ""sonolência e perda de consciência incluindo coma, respiração superficial e bradicardia."" (bula_1747686341012.pdf)
* **Carbamazepina:** ""Sistema nervoso central: depressão do SNC; desorientação, nível reduzido de consciência sonolência, agitação, alucinação, coma, visão borrada..."" (bula_1747686564797.pdf)",4.38,,,,,92.02279202279202,Liste os medicamentos cuja bula cita sonolência como efeito adverso.,"Os medicamentos que citam sonolência como efeito adverso são:

* **Teste:**  (bula_1747686513651.pdf) Os pacientes que apresentarem sonolência podem se beneficiar de uma mudança na administração.
* **Cetoprofeno:** (bula_1747686539148.pdf) Os pacientes devem ser advertidos sobre o risco de ocorrência de sonolência.
* **Loratadina:** (bula_1747686464101.pdf) foi observado um aumento da incidência de sonolência relacionado com a dose.",2.38
2025-06-03T19:00:50,Quais medicamentos têm indicação pediátrica? Informe faixas etárias e doses mencionadas.,"Os seguintes medicamentos apresentam indicações pediátricas, com faixas etárias e doses especificadas nas bulas:

* **Teste (bula_1747686513651.pdf):**  Pacientes pediátricos (10 a 17 anos): dose inicial de 0,5 mg/dia, ajustável em incrementos de 0,5 ou 1 mg/dia a cada 24 horas.  Pacientes pediátricos (13 a 17 anos): dose inicial de 0,5 mg por dia, administrada em dose única diária pela manhã ou à noite.  A dose pode ser ajustada em intervalos de, no mínimo, 24 horas com incrementos de 0,5 ou 1 mg/dia.

* **Prednisona (bula_1747686430224.pdf):** A dose pediátrica inicial pode variar de 0,14 mg a 2 mg/kg de peso por dia, ou de 4 mg a 60 mg/dia.

* **Hidroclorotiazida (bula_1747686290500.pdf):** Até 2 anos: 12,5 a 25 mg/dia em duas tomadas. De 2 a 12 anos: 25 a 100 mg/dia em duas tomadas. A dose pediátrica diária usual deve ser baseada em 2 a 3 mg/kg de peso corporal, ou a critério médico, dividida em duas tomadas.",3.34,,,,,53.02214242968282,Quais remédios são indicados para crianças? Mencione faixas etárias e dosagens especificadas.,"Paracetamol (bula_1747686102131.pdf):  É indicado para uso pediátrico para redução da febre e alívio temporário de dores leves a moderadas.  A bula menciona estudos em crianças de diversas idades, incluindo recém-nascidos,  crianças de 4,1 ± 2,6 anos e crianças com cirrose, porém não especifica dosagens exatas para cada faixa etária, apenas mencionando doses como ""10 mg/kg"" em alguns estudos com pacientes pediátricos.  Informações sobre posologia para diferentes idades e pesos devem ser consultadas na bula completa.

Sulfametoxazol (bula_1747686654507.pdf): Possui posologia para crianças até 12 anos, mas a dosagem específica não é detalhada, apenas mencionando que os esquemas são equivalentes a uma dose diária aproximada de 6... (a bula está incompleta nesse trecho).

Prednisona (bula_1747686430224.pdf): A bula menciona que a dose pediátrica inicial pode variar de 0,14 mg a 2 mg/kg de peso por dia, ou de 4 mg a 60 mg por dia, dependendo do caso. A posologia para lactentes e crianças deve ser orientada segundo as mesmas considerações feitas para adultos.

Metformina (bula_1747686341012.pdf): É contraindicado na faixa etária pediátrica.

Atorvastatina (bula_1747686366839.pdf): A eficácia e segurança em pacientes pré-adolescentes ou com idade inferior a 10 anos não foram avaliadas em estudos clínicos controlados.",4.06
2025-06-03T19:01:04,Liste os medicamentos indicados para dor de cabeça ou dores leves conforme as bulas.,"Dipirona (bula_1747686139023.pdf, INDICAÇÕES): Indicado como analgésico (alívio da dor).

Paracetamol (bula_1747686102131.pdf, INDICAÇÕES): Indicado para o alívio temporário de dores leves a moderadas, tais como dor de cabeça.",2.19,,,,,95.72192513368984,Quais medicamentos têm indicação para dor de cabeça ou dor leve nas bulas analisadas?,"Dipirona (bula_1747686139023.pdf, INDICAÇÕES): Indicado como analgésico e antitérmico.  Paracetamol (bula_1747686102131.pdf, INDICAÇÕES): Indicado para redução da febre e alívio temporário de dores leves a moderadas, tais como dor de cabeça.",1.96
2025-06-03T19:01:23,Quais medicamentos apresentam risco de reações alérgicas? Cite exemplos e trechos das bulas.,"Os seguintes medicamentos apresentam risco de reações alérgicas, conforme os trechos de suas bulas:

* **Paracetamol (arquivo: bula_1747686102131.pdf):**  ""Este produto contém o corante amarelo de TARTRAZINA que pode causar reações de natureza alérgica, entre as quais asma brônquica, especialmente em pessoas alérgicas ao ácido acetilsalicílico.""  e ""Este medicamento pode causar reações alérgicas"".

* **Ibuprofeno (arquivo: bula_1747686119869.pdf):** ""Este produto contém ibuprofeno, que pode causar reações alérgicas, como a asma,..."".  e ""Atenção: Contém os corantes amarelo de quinolina e azul brilhante que podem, eventualmente, causar reações alérgicas.""

* **Dipirona (arquivo: bula_1747686139023.pdf):** ""Pacientes que apresentam reações anafilactoides à dipirona podem apresentar um risco especial para reações semelhantes a outros analgésicos não narcóticos.""  e ""Em pacientes que estão sob risco potencial para reações anafiláticas,..."".

* **Cetoprofeno (arquivo: bula_1747686539148.pdf):** ""ticas ou outros tipos de reações alérgicas ao cetoprofeno, ao ácido acetilsalicílico ou a outros AINEs...."" e ""Este produto contém cetoprofeno, que pode causar reações alérgicas, como a asma,..."".

* **Pantoprazol (arquivo: bula_1747686200930.pdf):** ""...reações alérgicas como coceira e reações de pele (exantema, rash e erupções),...""",4.53,,,,,59.76138828633405,Quais remédios possuem risco de alergia? Apresente exemplos com trechos da bula.,"Os seguintes medicamentos apresentam menção a risco de alergia em seus textos de bula:

* **Cefalexina (bula_1747686176955.pdf):** ""Qualquer paciente que tenha demonstrado alguma forma de alergia, particularmente a drogas,...""
* **Dipirona (bula_1747686139023.pdf):** ""Em pacientes que estão sob risco potencial para reações anafiláticas,...""; ""a dipirona deve ser usada com cautela em pacientes que apresentem alergia atópica ou asma (vide “Contraindicações”). Reações cutâneas graves adversas:...""
* **Ibuprofeno (bula_1747686119869.pdf):** ""especialmente em pessoas alérgicas ao ácido acetilsalicílico. Atenção: Contém os corantes amarelo de quinolina e azul brilhante que podem, eventualmente, causar reações alérgicas.""; ""asma brônquica, rinite e intolerância ao ácido acetilsalicílico""
* **Pantoprazol (bula_1747686200930.pdf):** ""O Pantoprazol sódico sesqui-hidratado IV não deve ser usado por indivíduos que apresentem alergia (hipersensibilidade) conhecida ao pantoprazol, aos demais componentes da fórmula ou a benzimidazois substituídos.""",3.67
2025-06-03T19:01:36,Algum medicamento analisado é contraindicado para pacientes hipertensos segundo as bulas?,Não foi possível encontrar a resposta no material fornecido.,1.61,,,,,100.0,Há medicamentos contraindicados para pessoas com pressão alta conforme as bulas analisadas?,"Não foi possível encontrar a resposta no material fornecido.  Embora as bulas mencionem medicamentos para hipertensão (Losartana e Atenolol),  não há informações sobre contraindicações específicas para pacientes hipertensos em relação a esses ou outros medicamentos mencionados.",2.1
2025-06-03T19:01:50,"Liste os medicamentos que devem ser tomados com alimentos ou em jejum, conforme as bulas.","Não foi possível encontrar a resposta no material fornecido.  Embora algumas bulas mencionem se o medicamento pode ser tomado com ou sem alimentos (Azitromicina), nenhuma bula especifica se um medicamento deve ser tomado com ou em jejum.  O Ibuprofeno menciona administração com água em jejum, mas não esclarece sobre os alimentos.",2.03,,,,,51.252408477842,Quais remédios devem ser administrados junto com alimentos ou em jejum conforme a bula?,"Ibuprofeno (Arquivo: bula_1747686119869.pdf):  Os medicamentos foram administrados com água a temperatura ambiente, em jejum.  Carbamazepina (Arquivo: bula_1747686564797.pdf): Os comprimidos podem ser tomados durante, após ou entre as refeições.",1.22
2025-06-03T19:02:07,Cite os medicamentos que possuem advertência ou contraindicação sobre uso de álcool segundo as bulas.,"Loratadina (bula_1747686464101.pdf, INTERAÇÕES MEDICAMENTOSAS):  Quando administrado concomitantemente com álcool, loratadina não exerce efeitos potencializadores.  Este trecho não indica uma contraindicação ou advertência, mas sim a ausência de potencialização do efeito.

Sulfametoxazol (bula_1747686654507.pdf): Este medicamento contém 0,4025% de álcool (etanol) e pode causar intoxicação, especialmente em crianças.

Clonazepam (bula_1747686400890.pdf): Esse efeito é agravado pelo consumo de álcool.  (bula_1747686400890.pdf): Efeitos colaterais aumentados como sedação e depressão cardiorrespiratória podem ocorrer também quando clonazepam é coadministrado com qualquer agente depressor de ação central, incluindo álcool. O álcool deve ser evitado por pacientes que recebem clonazepam.

Paracetamol (bula_1747686102131.pdf): Usuários crônicos de bebidas alcoólicas podem apresentar um risco aumentado de doenças hepáticas.

Deste (bula_1747686419923.pdf): sobretudo em pacientes com história de uso abusivo de medicamentos e/ou álcool.",3.72,,,,,78.59759288330717,Liste os medicamentos analisados que têm advertência sobre uso de álcool.,"Os seguintes medicamentos apresentam advertências sobre o uso de álcool, de acordo com o material fornecido:

* **Loratadina** (bula_1747686464101.pdf, INTERAÇÕES MEDICAMENTOSAS):  Quando administrado concomitantemente com álcool, não exerce efeitos potencializadores.
* **Sulfametoxazol** (bula_1747686654507.pdf): Este medicamento contém álcool e pode causar intoxicação, especialmente em crianças.
* **Cetoprofeno** (bula_1747686539148.pdf): Atenção: Contém álcool.
* **Diazepam** (bula_1747686409826.pdf): Se a duração do sono for insuficiente ou for consumido álcool...
* **Clonazepam** (bula_1747686400890.pdf): Esse efeito é agravado pelo consumo de álcool. O álcool deve ser evitado por pacientes que recebem clonazepam.
* **Sinvastatina** (bula_1747686358286.pdf):  Menciona pacientes que consumiam quantidades consideráveis de álcool antes do tratamento.
* **Deste** (bula_1747686419923.pdf): sobretudo em pacientes com história de uso abusivo de medicamentos e/ou álcool.
* **Paracetamol** (bula_1747686102131.pdf): Usuários crônicos de bebidas alcoólicas podem apresentar um risco aumentado de doenças hepáticas.",3.81
2025-06-03T19:02:22,"Indique os medicamentos que não devem ser usados por gestantes, segundo as bulas.","Ibuprofeno (bula_1747686119869.pdf): O uso deve ser evitado nos primeiros seis meses de gravidez.

Losartana (bula_1747686221623.pdf): Não deve ser utilizado durante o segundo ou terceiro trimestre de gestação.  Não deve ser utilizado por mulheres grávidas sem orientação médica.

Sulfametoxazol (bula_1747686654507.pdf): Deve ser utilizado durante a gravidez somente se os possíveis riscos para o feto justificarem os benefícios terapêuticos esperados.  A bula recomenda que todas as gestantes sejam orientadas.

Clonazepam (bula_1747686400890.pdf):  Menciona fatores que podem ser mais importantes que a medicação em relação à causa de defeitos congênitos, mas não indica explicitamente contraindicação na gravidez.",2.83,,,,,76.24309392265194,Quais medicamentos têm restrição de uso para gestantes segundo as bulas?,O medicamento Deste (bula_1747686419923.pdf) não deve ser utilizado por mulheres grávidas sem orientação médica.,1.63
2025-06-03T19:02:40,Informe as doses recomendadas para adultos segundo as bulas dos medicamentos analisados.,"* **Amoxicilina (bula_1747686151775.pdf e bula_1747686503194.pdf, Posologia):** 250 mg três vezes ao dia, podendo ser aumentada para 500 mg três vezes ao dia em infecções mais graves.  Dose máxima de 6g ao dia em doses divididas (3g duas vezes ao dia em casos apropriados).

* **Atorvastatina (bula_1747686366839.pdf):** Máxima recomendada: 20mg/dia.

* **Diazepam (bula_1747686409826.pdf):** Dose inicial: 5-10mg.  Dependendo da gravidade dos sintomas, 5-20mg/dia. Cada dose não deve exceder 10mg.

* **Nimesulida (bula_1747686522851.pdf):** 50-100mg.

* **Paracetamol (bula_1747686102131.pdf):** 35 a 55 gotas, 3 a 5 vezes ao dia (para adultos e crianças acima de 12 anos). Dose diária máxima de 4000 mg (300 gotas) em doses fracionadas, não excedendo 1000 mg/dose (75 gotas).

* **Clonazepam (bula_1747686400890.pdf):**  Não há informação específica sobre dose para adultos nesta seção, apenas a menção de um esquema posológico para uma faixa etária que inclui adultos, iniciando com 1 a 1,5 mg/dia.

* **Atenolol (bula_1747686300462.pdf):** Não há informação sobre dose para adultos nesta seção.

* **Dipirona (bula_1747686139023.pdf):** Não especifica doses para adultos, apenas que para as doses recomendadas não há efeito adverso na concentração e reação.",4.42,,,,,87.35777496839444,Liste as doses recomendadas para adultos de acordo com as bulas analisadas.,"* **Amoxicilina (bula_1747686151775.pdf e bula_1747686503194.pdf, Posologia):** 250 mg três vezes ao dia, podendo ser aumentada para 500 mg três vezes ao dia em infecções mais graves.  Em casos apropriados, recomenda-se 3g duas vezes ao dia (máximo de 6g/dia em doses divididas).

* **Diazepam (bula_1747686409826.pdf):** Dose inicial: 5-10mg.  Dependendo da gravidade dos sintomas, 5-20mg/dia. Cada dose oral não deve normalmente ser superior a 10mg.

* **Nimesulida (bula_1747686522851.pdf):** 50-100mg.

* **Atorvastatina (bula_1747686366839.pdf):** Máxima recomendada: 20mg/dia.

* **Paracetamol (bula_1747686102131.pdf):** 35 a 55 gotas, 3 a 5 vezes ao dia. Dose diária máxima de 4000 mg (300 gotas) administrados em doses fracionadas, não excedendo 1000 mg/dose (75 gotas).

* **Clonazepam (bula_1747686400890.pdf):**  Para adultos, o texto fornece apenas informações sobre a faixa etária de 11 a 17 anos, iniciando com 1 a 1,5 mg/dia, sem especificar a dosagem para adultos fora desta faixa etária.",4.25
